,pmid,title,authorString,journalTitle,citedByCount,pubYear,firstAuthor
0,26000488,Highly Parallel Genome-wide Expression Profiling of Individual Cells Using Nanoliter Droplets.,"Macosko EZ, Basu A, Satija R, Nemesh J, Shekhar K, Goldman M, Tirosh I, Bialas AR, Kamitaki N, Martersteck EM, Trombetta JJ, Weitz DA, Sanes JR, Shalek AK, Regev A, McCarroll SA.",Cell,1428,2015,Macosko EZ
1,24925914,Single-cell RNA-seq highlights intratumoral heterogeneity in primary glioblastoma.,"Patel AP, Tirosh I, Trombetta JJ, Shalek AK, Gillespie SM, Wakimoto H, Cahill DP, Nahed BV, Curry WT, Martuza RL, Louis DN, Rozenblatt-Rosen O, Suvà ML, Regev A, Bernstein BE.",Science,1091,2014,Patel AP
2,25700174,Brain structure. Cell types in the mouse cortex and hippocampus revealed by single-cell RNA-seq.,"Zeisel A, Muñoz-Manchado AB, Codeluppi S, Lönnerberg P, La Manno G, Juréus A, Marques S, Munguba H, He L, Betsholtz C, Rolny C, Castelo-Branco G, Hjerling-Leffler J, Linnarsson S.",Science,852,2015,Zeisel A
3,24658644,The dynamics and regulators of cell fate decisions are revealed by pseudotemporal ordering of single cells.,"Trapnell C, Cacchiarelli D, Grimsby J, Pokharel P, Li S, Morse M, Lennon NJ, Livak KJ, Mikkelsen TS, Rinn JL.",Nat Biotechnol,754,2014,Trapnell C
4,26000487,Droplet barcoding for single-cell transcriptomics applied to embryonic stem cells.,"Klein AM, Mazutis L, Akartuna I, Tallapragada N, Veres A, Li V, Peshkin L, Weitz DA, Kirschner MW.",Cell,737,2015,Klein AM
5,24385147,Full-length RNA-seq from single cells using Smart-seq2.,"Picelli S, Faridani OR, Björklund AK, Winberg G, Sagasser S, Sandberg R.",Nat Protoc,685,2014,Picelli S
6,29608179,"Integrating single-cell transcriptomic data across different conditions, technologies, and species.","Butler A, Hoffman P, Smibert P, Papalexi E, Satija R.",Nat Biotechnol,671,2018,Butler A
7,25480296,Tissue-resident macrophage enhancer landscapes are shaped by the local microenvironment.,"Lavin Y, Winter D, Blecher-Gonen R, David E, Keren-Shaul H, Merad M, Jung S, Amit I.",Cell,623,2014,Lavin Y
8,27124452,Dissecting the multicellular ecosystem of metastatic melanoma by single-cell RNA-seq.,"Tirosh I, Izar B, Prakadan SM, Wadsworth MH, Treacy D, Trombetta JJ, Rotem A, Rodman C, Lian C, Murphy G, Fallahi-Sichani M, Dutton-Regester K, Lin JR, Cohen O, Shah P, Lu D, Genshaft AS, Hughes TK, Ziegler CG, Kazer SW, Gaillard A, Kolb KE, Villani AC, Johannessen CM, Andreev AY, Van Allen EM, Bertagnolli M, Sorger PK, Sullivan RJ, Flaherty KT, Frederick DT, Jané-Valbuena J, Yoon CH, Rozenblatt-Rosen O, Shalek AK, Regev A, Garraway LA.",Science,595,2016,Tirosh I
9,25867923,Spatial reconstruction of single-cell gene expression data.,"Satija R, Farrell JA, Gennert D, Schier AF, Regev A.",Nat Biotechnol,590,2015,Satija R
10,28091601,Massively parallel digital transcriptional profiling of single cells.,"Zheng GX, Terry JM, Belgrader P, Ryvkin P, Bent ZW, Wilson R, Ziraldo SB, Wheeler TD, McDermott GP, Zhu J, Gregory MT, Shuga J, Montesclaros L, Underwood JG, Masquelier DA, Nishimura SY, Schnall-Levin M, Wyatt PW, Hindson CM, Bharadwaj R, Wong A, Ness KD, Beppu LW, Deeg HJ, McFarland C, Loeb KR, Valente WJ, Ericson NG, Stevens EA, Radich JP, Mikkelsen TS, Hindson BJ, Bielas JH.",Nat Commun,571,2017,Zheng GX
11,24531970,Massively parallel single-cell RNA-seq for marker-free decomposition of tissues into cell types.,"Jaitin DA, Kenigsberg E, Keren-Shaul H, Elefant N, Paul F, Zaretsky I, Mildner A, Cohen N, Jung S, Tanay A, Amit I.",Science,556,2014,Jaitin DA
12,22820318,Full-length mRNA-Seq from single-cell levels of RNA and individual circulating tumor cells.,"Ramsköld D, Luo S, Wang YC, Li R, Deng Q, Faridani OR, Daniels GA, Khrebtukova I, Loring JF, Laurent LC, Schroth GP, Sandberg R.",Nat Biotechnol,531,2012,Ramsköld D
13,24739965,Reconstructing lineage hierarchies of the distal lung epithelium using single-cell RNA-seq.,"Treutlein B, Brownfield DG, Wu AR, Neff NF, Mantalas GL, Espinoza FH, Desai TJ, Krasnow MA, Quake SR.",Nature,514,2014,Treutlein B
14,23685454,Single-cell transcriptomics reveals bimodality in expression and splicing in immune cells.,"Shalek AK, Satija R, Adiconis X, Gertner RS, Gaublomme JT, Raychowdhury R, Schwartz S, Yosef N, Malboeuf C, Lu D, Trombetta JJ, Gennert D, Gnirke A, Goren A, Hacohen N, Levin JZ, Park H, Regev A.",Nature,511,2013,Shalek AK
15,23934149,Single-cell RNA-Seq profiling of human preimplantation embryos and embryonic stem cells.,"Yan L, Yang M, Guo H, Yang L, Wu J, Li R, Liu P, Lian Y, Zheng X, Yan J, Huang J, Li M, Wu X, Wen L, Lao K, Li R, Qiao J, Tang F.",Nat Struct Mol Biol,501,2013,Yan L
16,26030851,Host microbiota constantly control maturation and function of microglia in the CNS.,"Erny D, Hrabě de Angelis AL, Jaitin D, Wieghofer P, Staszewski O, David E, Keren-Shaul H, Mahlakoiv T, Jakobshagen K, Buch T, Schwierzeck V, Utermöhlen O, Chun E, Garrett WS, McCoy KD, Diefenbach A, Staeheli P, Stecher B, Amit I, Prinz M.",Nat Neurosci,492,2015,Erny D
17,25420068,Unbiased classification of sensory neuron types by large-scale single-cell RNA sequencing.,"Usoskin D, Furlan A, Islam S, Abdo H, Lönnerberg P, Lou D, Hjerling-Leffler J, Haeggström J, Kharchenko O, Kharchenko PV, Linnarsson S, Ernfors P.",Nat Neurosci,490,2015,Usoskin D
18,22980981,Single-cell expression analyses during cellular reprogramming reveal an early stochastic and a late hierarchic phase.,"Buganim Y, Faddah DA, Cheng AW, Itskovich E, Markoulaki S, Ganz K, Klemm SL, van Oudenaarden A, Jaenisch R.",Cell,484,2012,Buganim Y
19,26813401,A survey of best practices for RNA-seq data analysis.,"Conesa A, Madrigal P, Tarazona S, Gomez-Cabrero D, Cervera A, McPherson A, Szcześniak MW, Gaffney DJ, Elo LL, Zhang X, Mortazavi A.",Genome Biol,480,2016,Conesa A
20,28602351,A Unique Microglia Type Associated with Restricting Development of Alzheimer's Disease.,"Keren-Shaul H, Spinrad A, Weiner A, Matcovitch-Natan O, Dvir-Szternfeld R, Ulland TK, David E, Baruch K, Lara-Astaiso D, Toth B, Itzkovitz S, Colonna M, Schwartz M, Amit I.",Cell,460,2017,Keren-Shaul H
21,28678778,An immunogenic personal neoantigen vaccine for patients with melanoma.,"Ott PA, Hu Z, Keskin DB, Shukla SA, Sun J, Bozym DJ, Zhang W, Luoma A, Giobbie-Hurder A, Peter L, Chen C, Olive O, Carter TA, Li S, Lieb DJ, Eisenhaure T, Gjini E, Stevens J, Lane WJ, Javeri I, Nellaiappan K, Salazar AM, Daley H, Seaman M, Buchbinder EI, Yoon CH, Harden M, Lennon N, Gabriel S, Rodig SJ, Barouch DH, Aster JC, Getz G, Wucherpfennig K, Neuberg D, Ritz J, Lander ES, Fritsch EF, Hacohen N, Wu CJ.",Nature,458,2017,Ott PA
22,24439369,"Reversing DNA methylation: mechanisms, genomics, and biological functions.","Wu H, Zhang Y.",Cell,410,2014,Wu H
23,22939981,CEL-Seq: single-cell RNA-Seq by multiplexed linear amplification.,"Hashimshony T, Wagner F, Sher N, Yanai I.",Cell Rep,407,2012,Hashimshony T
24,25150836,Normalization of RNA-seq data using factor analysis of control genes or samples.,"Risso D, Ngai J, Speed TP, Dudoit S.",Nat Biotechnol,406,2014,Risso D
25,26727548,Adult mouse cortical cell taxonomy revealed by single cell transcriptomics.,"Tasic B, Menon V, Nguyen TN, Kim TK, Jarsky T, Yao Z, Levi B, Gray LT, Sorensen SA, Dolbeare T, Bertagnolli D, Goldy J, Shapovalova N, Parry S, Lee C, Smith K, Bernard A, Madisen L, Sunkin SM, Hawrylycz M, Koch C, Zeng H.",Nat Neurosci,390,2016,Tasic B
26,24408435,"Single-cell RNA-seq reveals dynamic, random monoallelic gene expression in mammalian cells.","Deng Q, Ramsköld D, Reinius B, Sandberg R.",Science,377,2014,Deng Q
27,24363023,Quantitative single-cell RNA-seq with unique molecular identifiers.,"Islam S, Zeisel A, Joost S, La Manno G, Zajac P, Kasper M, Lönnerberg P, Linnarsson S.",Nat Methods,373,2014,Islam S
28,21074044,"Pluripotency and cellular reprogramming: facts, hypotheses, unresolved issues.","Hanna JH, Saha K, Jaenisch R.",Cell,372,2010,Hanna JH
29,24919153,Single-cell RNA-seq reveals dynamic paracrine control of cellular variation.,"Shalek AK, Satija R, Shuga J, Trombetta JJ, Gennert D, Lu D, Chen P, Gertner RS, Gaublomme JT, Yosef N, Schwartz S, Fowler B, Weaver S, Wang J, Wang X, Ding R, Raychowdhury R, Friedman N, Hacohen N, Park H, May AP, Regev A.",Nature,370,2014,Shalek AK
30,26083756,Single-cell chromatin accessibility reveals principles of regulatory variation.,"Buenrostro JD, Wu B, Litzenburger UM, Ruff D, Gonzales ML, Snyder MP, Chang HY, Greenleaf WJ.",Nature,366,2015,Buenrostro JD
31,23892778,Genetic programs in human and mouse early embryos revealed by single-cell RNA sequencing.,"Xue Z, Huang K, Cai C, Cai L, Jiang CY, Feng Y, Liu Z, Zeng Q, Cheng L, Sun YE, Liu JY, Horvath S, Fan G.",Nature,359,2013,Xue Z
32,26791720,Metastatic colonization by circulating tumour cells.,"Massagué J, Obenauf AC.",Nature,353,2016,Massagué J
33,21543516,Characterization of the single-cell transcriptional landscape by highly multiplex RNA-seq.,"Islam S, Kjällquist U, Moliner A, Zajac P, Fan JB, Lönnerberg P, Linnarsson S.",Genome Res,348,2011,Islam S
34,24056876,Accounting for technical noise in single-cell RNA-seq experiments.,"Brennecke P, Anders S, Kim JK, Kołodziejczyk AA, Zhang X, Proserpio V, Baying B, Benes V, Teichmann SA, Marioni JC, Heisler MG.",Nat Methods,340,2013,Brennecke P
35,24836921,Bayesian approach to single-cell differential expression analysis.,"Kharchenko PV, Silberstein L, Scadden DT.",Nat Methods,337,2014,Kharchenko PV
36,23223451,Germline DNA demethylation dynamics and imprint erasure through 5-hydroxymethylcytosine.,"Hackett JA, Sengupta R, Zylicz JJ, Murakami K, Lee C, Down TA, Surani MA.",Science,333,2013,Hackett JA
37,28428369,"Single-cell RNA-seq reveals new types of human blood dendritic cells, monocytes, and progenitors.","Villani AC, Satija R, Reynolds G, Sarkizova S, Shekhar K, Fletcher J, Griesbeck M, Butler A, Zheng S, Lazo S, Jardine L, Dixon D, Stephenson E, Nilsson E, Grundberg I, McDonald D, Filby A, Li W, De Jager PL, Rozenblatt-Rosen O, Lane AA, Haniffa M, Regev A, Hacohen N.",Science,330,2017,Villani AC
38,25215486,Resetting transcription factor control circuitry toward ground-state pluripotency in human.,"Takashima Y, Guo G, Loos R, Nichols J, Ficz G, Krueger F, Oxley D, Santos F, Clarke J, Mansfield W, Reik W, Bertone P, Smith A.",Cell,329,2014,Takashima Y
39,26095251,Data-Driven Phenotypic Dissection of AML Reveals Progenitor-like Cells that Correlate with Prognosis.,"Levine JH, Simonds EF, Bendall SC, Davis KL, Amir el-AD, Tadmor MD, Litvin O, Fienberg HG, Jager A, Zunder ER, Finck R, Gedman AL, Radtke I, Downing JR, Pe'er D, Nolan GP.",Cell,326,2015,Levine JH
40,25103404,Immunogenetics. Chromatin state dynamics during blood formation.,"Lara-Astiaso D, Weiner A, Lorenzo-Vivas E, Zaretsky I, Jaitin DA, David E, Keren-Shaul H, Mildner A, Winter D, Jung S, Friedman N, Amit I.",Science,324,2014,Lara-Astiaso D
41,23812591,Vitamin C induces Tet-dependent DNA demethylation and a blastocyst-like state in ES cells.,"Blaschke K, Ebata KT, Karimi MM, Zepeda-Martínez JA, Goyal P, Mahapatra S, Tam A, Laird DJ, Hirst M, Rao A, Lorincz MC, Ramalho-Santos M.",Nature,320,2013,Blaschke K
42,29790989,"The Galaxy platform for accessible, reproducible and collaborative biomedical analyses: 2018 update.","Afgan E, Baker D, Batut B, van den Beek M, Bouvier D, Cech M, Chilton J, Clements D, Coraor N, Grüning BA, Guerler A, Hillman-Jackson J, Hiltemann S, Jalili V, Rasche H, Soranzo N, Goecks J, Taylor J, Nekrutenko A, Blankenberg D.",Nucleic Acids Res,318,2018,Afgan E
43,29628290,The Immune Landscape of Cancer.,"Thorsson V, Gibbs DL, Brown SD, Wolf D, Bortone DS, Ou Yang TH, Porta-Pardo E, Gao GF, Plaisier CL, Eddy JA, Ziv E, Culhane AC, Paull EO, Sivakumar IKA, Gentles AJ, Malhotra R, Farshidfar F, Colaprico A, Parker JS, Mose LE, Vo NS, Liu J, Liu Y, Rader J, Dhankani V, Reynolds SM, Bowlby R, Califano A, Cherniack AD, Anastassiou D, Bedognetti D, Mokrab Y, Newman AM, Rao A, Chen K, Krasnitz A, Hu H, Malta TM, Noushmehr H, Pedamallu CS, Bullman S, Ojesina AI, Lamb A, Zhou W, Shen H, Choueiri TK, Weinstein JN, Guinney J, Saltz J, Holt RA, Rabkin CS, Cancer Genome Atlas Research Network, Lazar AJ, Serody JS, Demicco EG, Disis ML, Vincent BG, Shmulevich I.",Immunity,318,2018,Thorsson V
44,24766814,Single-cell trajectory detection uncovers progression and regulatory coordination in human B cell development.,"Bendall SC, Davis KL, Amir el-AD, Tadmor MD, Simonds EF, Chen TJ, Shenfeld DK, Nolan GP, Pe'er D.",Cell,318,2014,Bendall SC
45,25628217,Computational and analytical challenges in single-cell transcriptomics.,"Stegle O, Teichmann SA, Marioni JC.",Nat Rev Genet,316,2015,Stegle O
46,24141493,Quantitative assessment of single-cell RNA-sequencing methods.,"Wu AR, Neff NF, Kalisky T, Dalerba P, Treutlein B, Rothenberg ME, Mburu FM, Mantalas GL, Sim S, Clarke MF, Quake SR.",Nat Methods,310,2014,Wu AR
47,25090446,Systematic identification of culture conditions for induction and maintenance of naive human pluripotency.,"Theunissen TW, Powell BE, Wang H, Mitalipova M, Faddah DA, Reddy J, Fan ZP, Maetzel D, Ganz K, Shi L, Lungjangwa T, Imsoonthornruksa S, Stelzer Y, Rangarajan S, D'Alessio A, Zhang J, Gao Q, Dawlaty MM, Young RA, Gray NS, Jaenisch R.",Cell Stem Cell,309,2014,Theunissen TW
48,21921927,Functional consequences of developmentally regulated alternative splicing.,"Kalsotra A, Cooper TA.",Nat Rev Genet,303,2011,Kalsotra A
49,26721685,Biogenesis and function of tRNA fragments during sperm maturation and fertilization in mammals.,"Sharma U, Conine CC, Shea JM, Boskovic A, Derr AG, Bing XY, Belleannee C, Kucukural A, Serra RW, Sun F, Song L, Carone BR, Ricci EP, Li XZ, Fauquier L, Moore MJ, Sullivan R, Mello CC, Garber M, Rando OJ.",Science,293,2016,Sharma U
50,25086649,Low-coverage single-cell mRNA sequencing reveals cellular heterogeneity and activated signaling pathways in developing cerebral cortex.,"Pollen AA, Nowakowski TJ, Shuga J, Wang X, Leyrat AA, Lui JH, Li N, Szpankowski L, Fowler B, Chen P, Ramalingam N, Sun G, Thu M, Norris M, Lebofsky R, Toppani D, Kemp DW, Wong M, Clerkson B, Jones BN, Wu S, Knutsson L, Alvarado B, Wang J, Weaver LS, May AP, Jones RC, Unger MA, Kriegstein AR, West JA.",Nat Biotechnol,289,2014,Pollen AA
51,20452321,Tracing the derivation of embryonic stem cells from the inner cell mass by single-cell RNA-Seq analysis.,"Tang F, Barbacioru C, Bao S, Lee C, Nordman E, Wang X, Lao K, Surani MA.",Cell Stem Cell,275,2010,Tang F
52,25105578,"Repair and regeneration of the respiratory system: complexity, plasticity, and mechanisms of lung stem cell function.","Hogan BL, Barkauskas CE, Chapman HA, Epstein JA, Jain R, Hsia CC, Niklason L, Calle E, Le A, Randell SH, Rock J, Snitow M, Krummel M, Stripp BR, Vu T, White ES, Whitsett JA, Morrisey EE.",Cell Stem Cell,255,2014,Hogan BL
53,29686425,Understanding the tumor immune microenvironment (TIME) for effective therapy.,"Binnewies M, Roberts EW, Kersten K, Chan V, Fearon DF, Merad M, Coussens LM, Gabrilovich DI, Ostrand-Rosenberg S, Hedrick CC, Vonderheide RH, Pittet MJ, Jain RK, Zou W, Howcroft TK, Woodhouse EC, Weinberg RA, Krummel MF.",Nat Med,250,2018,Binnewies M
54,27565351,Comprehensive Classification of Retinal Bipolar Neurons by Single-Cell Transcriptomics.,"Shekhar K, Lapan SW, Whitney IE, Tran NM, Macosko EZ, Kowalczyk M, Adiconis X, Levin JZ, Nemesh J, Goldman M, McCarroll SA, Cepko CL, Regev A, Sanes JR.",Cell,250,2016,Shekhar K
55,26299571,Single-Cell RNA-Seq with Waterfall Reveals Molecular Cascades underlying Adult Neurogenesis.,"Shin J, Berg DA, Zhu Y, Shin JY, Song J, Bonaguidi MA, Enikolopov G, Nauen DW, Christian KM, Ming GL, Song H.",Cell Stem Cell,250,2015,Shin J
56,26593421,RNA mis-splicing in disease.,"Scotti MM, Swanson MS.",Nat Rev Genet,249,2016,Scotti MM
57,26653891,MAST: a flexible statistical framework for assessing transcriptional changes and characterizing heterogeneity in single-cell RNA sequencing data.,"Finak G, McDavid A, Yajima M, Deng J, Gersuk V, Shalek AK, Slichter CK, Miller HW, McElrath MJ, Prlic M, Linsley PS, Gottardo R.",Genome Biol,243,2015,Finak G
58,20203668,RNA-Seq analysis to capture the transcriptome landscape of a single cell.,"Tang F, Barbacioru C, Nordman E, Li B, Xu N, Bashkirov VI, Lao K, Surani MA.",Nat Protoc,243,2010,Tang F
59,27667667,Single-Cell Transcriptome Profiling of Human Pancreatic Islets in Health and Type 2 Diabetes.,"Segerstolpe Å, Palasantza A, Eliasson P, Andersson EM, Andréasson AC, Sun X, Picelli S, Sabirsh A, Clausen M, Bjursell MK, Smith DM, Kasper M, Ämmälä C, Sandberg R.",Cell Metab,242,2016,Segerstolpe Å
60,25953818,Multiplex single cell profiling of chromatin accessibility by combinatorial cellular indexing.,"Cusanovich DA, Daza R, Adey A, Pliner HA, Christiansen L, Gunderson KL, Steemers FJ, Trapnell C, Shendure J.",Science,239,2015,Cusanovich DA
61,28825705,Reversed graph embedding resolves complex single-cell trajectories.,"Qiu X, Mao Q, Tang Y, Wang L, Chawla R, Pliner HA, Trapnell C.",Nat Methods,237,2017,Qiu X
62,26458175,Single-cell ChIP-seq reveals cell subpopulations defined by chromatin state.,"Rotem A, Ram O, Shoresh N, Sperling RA, Goren A, Weitz DA, Bernstein BE.",Nat Biotechnol,233,2015,Rotem A
63,27477017,GABAergic Interneurons in the Neocortex: From Cellular Properties to Circuits.,"Tremblay R, Lee S, Rudy B.",Neuron,232,2016,Tremblay R
64,26481351,"Expression Atlas update--an integrated database of gene and protein expression in humans, animals and plants.","Petryszak R, Keays M, Tang YA, Fonseca NA, Barrera E, Burdett T, Füllgrabe A, Fuentes AM, Jupp S, Koskinen S, Mannion O, Huerta L, Megy K, Snow C, Williams E, Barzine M, Hastings E, Weisser H, Wright J, Jaiswal P, Huber W, Choudhary J, Parkinson HE, Brazma A.",Nucleic Acids Res,230,2016,Petryszak R
65,23416945,Naive pluripotency is associated with global DNA hypomethylation.,"Leitch HG, McEwen KR, Turp A, Encheva V, Carroll T, Grabole N, Mansfield W, Nashun B, Knezovich JG, Smith A, Surani MA, Hajkova P.",Nat Struct Mol Biol,227,2013,Leitch HG
66,28212749,Comparative Analysis of Single-Cell RNA Sequencing Methods.,"Ziegenhain C, Vieth B, Parekh S, Reinius B, Guillaumet-Adkins A, Smets M, Leonhardt H, Heyn H, Hellmann I, Enard W.",Mol Cell,223,2017,Ziegenhain C
67,25079558,DNA methylation dynamics of the human preimplantation embryo.,"Smith ZD, Chan MM, Humm KC, Karnik R, Mekhoubad S, Regev A, Eggan K, Meissner A.",Nature,223,2014,Smith ZD
68,27153492,"Mass Cytometry: Single Cells, Many Features.","Spitzer MH, Nolan GP.",Cell,220,2016,Spitzer MH
69,32211816,"Association of Cardiac Injury With Mortality in Hospitalized Patients With COVID-19 in Wuhan, China.","Shi S, Qin M, Shen B, Cai Y, Liu T, Yang F, Gong W, Liu X, Liang J, Zhao Q, Huang H, Yang B, Huang C.",JAMA Cardiol,217,2020,Shi S
70,28346451,SC3: consensus clustering of single-cell RNA-seq data.,"Kiselev VY, Kirschner K, Schaub MT, Andrews T, Yiu A, Chandra T, Natarajan KN, Reik W, Barahona M, Green AR, Hemberg M.",Nat Methods,212,2017,Kiselev VY
71,27038591,Expression Analysis Highlights AXL as a Candidate Zika Virus Entry Receptor in Neural Stem Cells.,"Nowakowski TJ, Pollen AA, Di Lullo E, Sandoval-Espinosa C, Bershteyn M, Kriegstein AR.",Cell Stem Cell,212,2016,Nowakowski TJ
72,25053837,Single-cell RNA-seq: advances and future challenges.,"Saliba AE, Westermann AJ, Gorski SA, Vogel J.",Nucleic Acids Res,211,2014,Saliba AE
73,28187291,The Principles of Engineering Immune Cells to Treat Cancer.,"Lim WA, June CH.",Cell,210,2017,Lim WA
74,26248267,Toward understanding and exploiting tumor heterogeneity.,"Alizadeh AA, Aranda V, Bardelli A, Blanpain C, Bock C, Borowski C, Caldas C, Califano A, Doherty M, Elsner M, Esteller M, Fitzgerald R, Korbel JO, Lichter P, Mason CE, Navin N, Pe'er D, Polyak K, Roberts CW, Siu L, Snyder A, Stower H, Swanton C, Verhaak RG, Zenklusen JC, Zuber J, Zucman-Rossi J.",Nat Med,209,2015,Alizadeh AA
75,27135602,"Origin, fate and dynamics of macrophages at central nervous system interfaces.","Goldmann T, Wieghofer P, Jordão MJ, Prutek F, Hagemeyer N, Frenzel K, Amann L, Staszewski O, Kierdorf K, Krueger M, Locatelli G, Hochgerner H, Zeiser R, Epelman S, Geissmann F, Priller J, Rossi FM, Bechmann I, Kerschensteiner M, Linnarsson S, Jung S, Prinz M.",Nat Immunol,207,2016,Goldmann T
76,28475900,Innate Immune Landscape in Early Lung Adenocarcinoma by Paired Single-Cell Analyses.,"Lavin Y, Kobayashi S, Leader A, Amir ED, Elefant N, Bigenwald C, Remark R, Sweeney R, Becker CD, Levine JH, Meinhof K, Chow A, Kim-Shulze S, Wolf A, Medaglia C, Li H, Rytlewski JA, Emerson RO, Solovyov A, Greenbaum BD, Sanders C, Vignali M, Beasley MB, Flores R, Gnjatic S, Pe'er D, Rahman A, Amit I, Merad M.",Cell,202,2017,Lavin Y
77,24299736,From single-cell to cell-pool transcriptomes: stochasticity in gene expression and RNA splicing.,"Marinov GK, Williams BA, McCue K, Schroth GP, Gertz J, Myers RM, Wold BJ.",Genome Res,200,2014,Marinov GK
78,26644564,Human cerebral organoids recapitulate gene expression programs of fetal neocortex development.,"Camp JG, Badsha F, Florio M, Kanton S, Gerber T, Wilsch-Bräuninger M, Lewitus E, Sykes A, Hevers W, Lancaster M, Knoblich JA, Lachmann R, Pääbo S, Huttner WB, Treutlein B.",Proc Natl Acad Sci U S A,199,2015,Camp JG
79,23561442,Lin28: primal regulator of growth and metabolism in stem cells.,"Shyh-Chang N, Daley GQ.",Cell Stem Cell,199,2013,Shyh-Chang N
80,27339989,Neuronal subtypes and diversity revealed by single-nucleus RNA sequencing of the human brain.,"Lake BB, Ai R, Kaeser GE, Salathia NS, Yung YC, Liu R, Wildberg A, Gao D, Fung HL, Chen S, Vijayaraghavan R, Wong J, Chen A, Sheng X, Kaper F, Shen R, Ronaghi M, Fan JB, Wang W, Chun J, Zhang K.",Science,195,2016,Lake BB
81,27984732,Perturb-Seq: Dissecting Molecular Circuits with Scalable Single-Cell RNA Profiling of Pooled Genetic Screens.,"Dixit A, Parnas O, Li B, Chen J, Fulco CP, Jerby-Arnon L, Marjanovic ND, Dionne D, Burks T, Raychowdhury R, Adamson B, Norman TM, Lander ES, Weissman JS, Friedman N, Regev A.",Cell,193,2016,Dixit A
82,26406371,Molecular identity of human outer radial glia during cortical development.,"Pollen AA, Nowakowski TJ, Chen J, Retallack H, Sandoval-Espinosa C, Nicholas CR, Shuga J, Liu SJ, Oldham MC, Diaz A, Lim DA, Leyrat AA, West JA, Kriegstein AR.",Cell,192,2015,Pollen AA
83,25533958,Lineage-negative progenitors mobilize to regenerate lung epithelium after major injury.,"Vaughan AE, Brumwell AN, Xi Y, Gotts JE, Brownfield DG, Treutlein B, Tan K, Tan V, Liu FC, Looney MR, Matthay MA, Rock JR, Chapman HA.",Nature,188,2015,Vaughan AE
84,28697342,Tumor Evolution of Glioma-Intrinsic Gene Expression Subtypes Associates with Immunological Changes in the Microenvironment.,"Wang Q, Hu B, Hu X, Kim H, Squatrito M, Scarpace L, deCarvalho AC, Lyu S, Li P, Li Y, Barthel F, Cho HJ, Lin YH, Satani N, Martinez-Ledesma E, Zheng S, Chang E, Sauvé CG, Olar A, Lan ZD, Finocchiaro G, Phillips JJ, Berger MS, Gabrusiewicz KR, Wang G, Eskilsson E, Hu J, Mikkelsen T, DePinho RA, Muller F, Heimberger AB, Sulman EP, Nam DH, Verhaak RGW.",Cancer Cell,187,2017,Wang Q
85,27007508,Mechanisms of long noncoding RNA function in development and disease.,"Schmitz SU, Grote P, Herrmann BG.",Cell Mol Life Sci,187,2016,Schmitz SU
86,26431181,Adult Mammalian Neural Stem Cells and Neurogenesis: Five Decades Later.,"Bond AM, Ming GL, Song H.",Cell Stem Cell,187,2015,Bond AM
87,27806376,Single-cell RNA-seq supports a developmental hierarchy in human oligodendroglioma.,"Tirosh I, Venteicher AS, Hebert C, Escalante LE, Patel AP, Yizhak K, Fisher JM, Rodman C, Mount C, Filbin MG, Neftel C, Desai N, Nyman J, Izar B, Luo CC, Francis JM, Patel AA, Onozato ML, Riggi N, Livak KJ, Gennert D, Satija R, Nahed BV, Curry WT, Martuza RL, Mylvaganam R, Iafrate AJ, Frosch MP, Golub TR, Rivera MN, Getz G, Rozenblatt-Rosen O, Cahill DP, Monje M, Bernstein BE, Louis DN, Regev A, Suvà ML.",Nature,186,2016,Tirosh I
88,31178118,Comprehensive Integration of Single-Cell Data.,"Stuart T, Butler A, Hoffman P, Hafemeister C, Papalexi E, Mauck WM, Hao Y, Stoeckius M, Smibert P, Satija R.",Cell,185,2019,Stuart T
89,25594184,Identification and specification of the mouse skeletal stem cell.,"Chan CK, Seo EY, Chen JY, Lo D, McArdle A, Sinha R, Tevlin R, Seita J, Vincent-Tompkins J, Wearda T, Lu WJ, Senarath-Yapa K, Chung MT, Marecic O, Tran M, Yan KS, Upton R, Walmsley GG, Lee AS, Sahoo D, Kuo CJ, Weissman IL, Longaker MT.",Cell,183,2015,Chan CK
90,29206104,The Human Cell Atlas.,"Regev A, Teichmann SA, Lander ES, Amit I, Benoist C, Birney E, Bodenmiller B, Campbell P, Carninci P, Clatworthy M, Clevers H, Deplancke B, Dunham I, Eberwine J, Eils R, Enard W, Farmer A, Fugger L, Göttgens B, Hacohen N, Haniffa M, Hemberg M, Kim S, Klenerman P, Kriegstein A, Lein E, Linnarsson S, Lundberg E, Lundeberg J, Majumder P, Marioni JC, Merad M, Mhlanga M, Nawijn M, Netea M, Nolan G, Pe'er D, Phillipakis A, Ponting CP, Quake S, Reik W, Rozenblatt-Rosen O, Sanes J, Satija R, Schumacher TN, Shalek A, Shapiro E, Sharma P, Shin JW, Stegle O, Stratton M, Stubbington MJT, Theis FJ, Uhlen M, van Oudenaarden A, Wagner A, Watt F, Weissman J, Wold B, Xavier R, Yosef N, Human Cell Atlas Meeting Participants.",Elife,181,2017,Regev A
91,28607484,Rare cell variability and drug-induced reprogramming as a mode of cancer drug resistance.,"Shaffer SM, Dunagin MC, Torborg SR, Torre EA, Emert B, Krepler C, Beqiri M, Sproesser K, Brafford PA, Xiao M, Eggan E, Anastopoulos IN, Vargas-Garcia CA, Singh A, Nathanson KL, Herlyn M, Raj A.",Nature,180,2017,Shaffer SM
92,24859004,The ability of inner-cell-mass cells to self-renew as embryonic stem cells is acquired following epiblast specification.,"Boroviak T, Loos R, Bertone P, Smith A, Nichols J.",Nat Cell Biol,179,2014,Boroviak T
93,32094336,High expression of ACE2 receptor of 2019-nCoV on the epithelial cells of oral mucosa.,"Xu H, Zhong L, Deng J, Peng J, Dan H, Zeng X, Li T, Chen Q.",Int J Oral Sci,177,2020,Xu H
94,29198524,Single-Cell Transcriptomic Analysis of Primary and Metastatic Tumor Ecosystems in Head and Neck Cancer.,"Puram SV, Tirosh I, Parikh AS, Patel AP, Yizhak K, Gillespie S, Rodman C, Luo CL, Mroz EA, Emerick KS, Deschler DG, Varvares MA, Mylvaganam R, Rozenblatt-Rosen O, Rocco JW, Faquin WC, Lin DT, Regev A, Bernstein BE.",Cell,177,2017,Puram SV
95,27121950,CEL-Seq2: sensitive highly-multiplexed single-cell RNA-Seq.,"Hashimshony T, Senderovich N, Avital G, Klochendler A, de Leeuw Y, Anavy L, Gennert D, Li S, Livak KJ, Rozenblatt-Rosen O, Dor Y, Regev A, Yanai I.",Genome Biol,177,2016,Hashimshony T
96,26829319,Haplotyping germline and cancer genomes with high-throughput linked-read sequencing.,"Zheng GX, Lau BT, Schnall-Levin M, Jarosz M, Bell JM, Hindson CM, Kyriazopoulou-Panagiotopoulou S, Masquelier DA, Merrill L, Terry JM, Mudivarti PA, Wyatt PW, Bharadwaj R, Makarewicz AJ, Li Y, Belgrader P, Price AD, Lowe AJ, Marks P, Vurens GM, Hardenbol P, Montesclaros L, Luo M, Greenfield L, Wong A, Birch DE, Short SW, Bjornson KP, Patel P, Hopmans ES, Wood C, Kaur S, Lockwood GK, Stafford D, Delaney JP, Wu I, Ordonez HS, Grimes SM, Greer S, Lee JY, Belhocine K, Giorda KM, Heaton WH, McDermott GP, Bent ZW, Meschi F, Kondov NO, Wilson R, Bernate JA, Gauby S, Kindwall A, Bermejo C, Fehr AN, Chan A, Saxonov S, Ness KD, Hindson BJ, Ji HP.",Nat Biotechnol,177,2016,Zheng GX
97,27227366,Pericytes of the neurovascular unit: key functions and signaling pathways.,"Sweeney MD, Ayyadurai S, Zlokovic BV.",Nat Neurosci,175,2016,Sweeney MD
98,27122128,Pooling across cells to normalize single-cell RNA sequencing data with many zero counts.,"Lun AT, Bach K, Marioni JC.",Genome Biol,175,2016,Lun AT
99,25817355,Deep Sequencing in Microdissected Renal Tubules Identifies Nephron Segment-Specific Transcriptomes.,"Lee JW, Chou CL, Knepper MA.",J Am Soc Nephrol,174,2015,Lee JW
100,26607794,Single-Cell Genomics Unveils Critical Regulators of Th17 Cell Pathogenicity.,"Gaublomme JT, Yosef N, Lee Y, Gertner RS, Yang LV, Wu C, Pandolfi PP, Mak T, Satija R, Shalek AK, Kuchroo VK, Park H, Regev A.",Cell,173,2015,Gaublomme JT
101,28818938,Comprehensive single-cell transcriptional profiling of a multicellular organism.,"Cao J, Packer JS, Ramani V, Cusanovich DA, Huynh C, Daza R, Qiu X, Lee C, Furlan SN, Steemers FJ, Adey A, Waterston RH, Trapnell C, Shendure J.",Science,172,2017,Cao J
102,27062923,Single-Cell RNA-Seq Reveals Lineage and X Chromosome Dynamics in Human Preimplantation Embryos.,"Petropoulos S, Edsgärd D, Reinius B, Deng Q, Panula SP, Codeluppi S, Plaza Reyes A, Linnarsson S, Sandberg R, Lanner F.",Cell,172,2016,Petropoulos S
103,27984733,A Multiplexed Single-Cell CRISPR Screening Platform Enables Systematic Dissection of the Unfolded Protein Response.,"Adamson B, Norman TM, Jost M, Cho MY, Nuñez JK, Chen Y, Villalta JE, Gilbert LA, Horlbeck MA, Hein MY, Pak RA, Gray AN, Gross CA, Dixit A, Parnas O, Regev A, Weissman JS.",Cell,168,2016,Adamson B
104,25471879,Deconstructing transcriptional heterogeneity in pluripotent stem cells.,"Kumar RM, Cahan P, Shalek AK, Satija R, DaleyKeyser A, Li H, Zhang J, Pardee K, Gennert D, Trombetta JJ, Ferrante TC, Regev A, Daley GQ, Collins JJ.",Nature,167,2014,Kumar RM
105,28738408,cGAS surveillance of micronuclei links genome instability to innate immunity.,"Mackenzie KJ, Carroll P, Martin CA, Murina O, Fluteau A, Simpson DJ, Olova N, Sutcliffe H, Rainger JK, Leitch A, Osborn RT, Wheeler AP, Nowotny M, Gilbert N, Chandra T, Reijns MAM, Jackson AP.",Nature,166,2017,Mackenzie KJ
106,28759029,Simultaneous epitope and transcriptome measurement in single cells.,"Stoeckius M, Hafemeister C, Stephenson W, Houck-Loomis B, Chattopadhyay PK, Swerdlow H, Satija R, Smibert P.",Nat Methods,165,2017,Stoeckius M
107,27136076,Wishbone identifies bifurcating developmental trajectories from single-cell data.,"Setty M, Tadmor MD, Reich-Zeliger S, Angel O, Salame TM, Kathail P, Choi K, Bendall S, Friedman N, Pe'er D.",Nat Biotechnol,165,2016,Setty M
108,27015306,Metastatic Latency and Immune Evasion through Autocrine Inhibition of WNT.,"Malladi S, Macalinao DG, Jin X, He L, Basnet H, Zou Y, de Stanchina E, Massagué J.",Cell,164,2016,Malladi S
109,26004780,Combined Single-Cell Functional and Gene Expression Analysis Resolves Heterogeneity within Stem Cell Populations.,"Wilson NK, Kent DG, Buettner F, Shehata M, Macaulay IC, Calero-Nieto FJ, Sánchez Castillo M, Oedekoven CA, Diamanti E, Schulte R, Ponting CP, Voet T, Caldas C, Stingl J, Green AR, Theis FJ, Göttgens B.",Cell Stem Cell,164,2015,Wilson NK
110,30096314,Molecular Architecture of the Mouse Nervous System.,"Zeisel A, Hochgerner H, Lönnerberg P, Johnsson A, Memic F, van der Zwan J, Häring M, Braun E, Borm LE, La Manno G, Codeluppi S, Furlan A, Lee K, Skene N, Harris KD, Hjerling-Leffler J, Arenas E, Ernfors P, Marklund U, Linnarsson S.",Cell,163,2018,Zeisel A
111,27492475,Specification of tissue-resident macrophages during organogenesis.,"Mass E, Ballesteros I, Farlik M, Halbritter F, Günther P, Crozet L, Jacome-Galarza CE, Händler K, Klughammer J, Kobayashi Y, Gomez-Perdiguero E, Schultze JL, Beyer M, Bock C, Geissmann F.",Science,163,2016,Mass E
112,25083876,H3K4me3 breadth is linked to cell identity and transcriptional consistency.,"Benayoun BA, Pollina EA, Ucar D, Mahmoudi S, Karra K, Wong ED, Devarajan K, Daugherty AC, Kundaje AB, Mancini E, Hitz BC, Gupta R, Rando TA, Baker JC, Snyder MP, Cherry JM, Brunet A.",Cell,163,2014,Benayoun BA
113,27667365,A Single-Cell Transcriptomic Map of the Human and Mouse Pancreas Reveals Inter- and Intra-cell Population Structure.,"Baron M, Veres A, Wolock SL, Faust AL, Gaujoux R, Vetere A, Ryu JH, Wagner BK, Shen-Orr SS, Klein AM, Melton DA, Yanai I.",Cell Syst,162,2016,Baron M
114,26000845,Advances and applications of single-cell sequencing technologies.,"Wang Y, Navin NE.",Mol Cell,162,2015,Wang Y
115,27284195,Oligodendrocyte heterogeneity in the mouse juvenile and adult central nervous system.,"Marques S, Zeisel A, Codeluppi S, van Bruggen D, Mendanha Falcão A, Xiao L, Li H, Häring M, Hochgerner H, Romanov RA, Gyllborg D, Muñoz Manchado A, La Manno G, Lönnerberg P, Floriddia EM, Rezayee F, Ernfors P, Arenas E, Hjerling-Leffler J, Harkany T, Richardson WD, Linnarsson S, Castelo-Branco G.",Science,161,2016,Marques S
116,25242334,Single-cell RNA sequencing identifies extracellular matrix gene expression by pancreatic circulating tumor cells.,"Ting DT, Wittner BS, Ligorio M, Vincent Jordan N, Shah AM, Miyamoto DT, Aceto N, Bersani F, Brannigan BW, Xega K, Ciciliano JC, Zhu H, MacKenzie OC, Trautwein J, Arora KS, Shahid M, Ellis HL, Qu N, Bardeesy N, Rivera MN, Deshpande V, Ferrone CR, Kapur R, Ramaswamy S, Shioda T, Toner M, Maheswaran S, Haber DA.",Cell Rep,161,2014,Ting DT
117,28088763,"Scater: pre-processing, quality control, normalization and visualization of single-cell RNA-seq data in R.","McCarthy DJ, Campbell KR, Lun AT, Wills QF.",Bioinformatics,160,2017,McCarthy DJ
118,25992865,Cervicovaginal bacteria are a major modulator of host inflammatory responses in the female genital tract.,"Anahtar MN, Byrne EH, Doherty KE, Bowman BA, Yamamoto HS, Soumillon M, Padavattan N, Ismail N, Moodley A, Sabatini ME, Ghebremichael MS, Nusbaum C, Huttenhower C, Virgin HW, Ndung'u T, Dong KL, Walker BD, Fichorova RN, Kwon DS.",Immunity,160,2015,Anahtar MN
119,24497842,Single cell genomics: advances and future perspectives.,"Macaulay IC, Voet T.",PLoS Genet,160,2014,Macaulay IC
120,25896322,Intrinsic retroviral reactivation in human preimplantation embryos and pluripotent cells.,"Grow EJ, Flynn RA, Chavez SL, Bayless NL, Wossidlo M, Wesche DJ, Martin L, Ware CB, Blish CA, Chang HY, Pera RA, Wysocka J.",Nature,159,2015,Grow EJ
121,24179143,Single-cell methylome landscapes of mouse embryonic stem cells and early embryos analyzed using reduced representation bisulfite sequencing.,"Guo H, Zhu P, Wu X, Li X, Wen L, Tang F.",Genome Res,159,2013,Guo H
122,29144463,A single-cell survey of the small intestinal epithelium.,"Haber AL, Biton M, Rogel N, Herbst RH, Shekhar K, Smillie C, Burgin G, Delorey TM, Howitt MR, Katz Y, Tirosh I, Beyaz S, Dionne D, Zhang M, Raychowdhury R, Garrett WS, Rozenblatt-Rosen O, Shi HN, Yilmaz O, Xavier RJ, Regev A.",Nature,157,2017,Haber AL
123,28445465,Assembly of functionally integrated human forebrain spheroids.,"Birey F, Andersen J, Makinson CD, Islam S, Wei W, Huber N, Fan HC, Metzler KRC, Panagiotakos G, Thom N, O'Rourke NA, Steinmetz LM, Bernstein JA, Hallmayer J, Huguenard JR, Paşca SP.",Nature,156,2017,Birey F
124,28114287,Single-cell mRNA quantification and differential analysis with Census.,"Qiu X, Hill A, Packer J, Lin D, Ma YA, Trapnell C.",Nat Methods,154,2017,Qiu X
125,27229144,Whole-organism lineage tracing by combinatorial and cumulative genome editing.,"McKenna A, Findlay GM, Gagnon JA, Horwitz MS, Schier AF, Shendure J.",Science,154,2016,McKenna A
126,26935168,Decoding the organization of spinal circuits that control locomotion.,Kiehn O.,Nat Rev Neurosci,153,2016,Kiehn O.
127,26430159,Defining cell types and states with single-cell genomics.,Trapnell C.,Genome Res,153,2015,Trapnell C.
128,26189680,A Genome-wide CRISPR Screen in Primary Immune Cells to Dissect Regulatory Networks.,"Parnas O, Jovanovic M, Eisenhaure TM, Herbst RH, Dixit A, Dixit A, Ye CJ, Przybylski D, Platt RJ, Tirosh I, Sanjana NE, Shalem O, Satija R, Raychowdhury R, Mertins P, Carr SA, Zhang F, Hacohen N, Regev A.",Cell,153,2015,Parnas O
129,25599178,Integrated genome and transcriptome sequencing of the same cell.,"Dey SS, Kester L, Spanjaard B, Bienko M, van Oudenaarden A.",Nat Biotechnol,153,2015,Dey SS
130,28431249,Macrophages Facilitate Electrical Conduction in the Heart.,"Hulsmans M, Clauss S, Xiao L, Aguirre AD, King KR, Hanley A, Hucker WJ, Wülfers EM, Seemann G, Courties G, Iwamoto Y, Sun Y, Savol AJ, Sager HB, Lavine KJ, Fishbein GA, Capen DE, Da Silva N, Miquerol L, Wakimoto H, Seidman CE, Seidman JG, Sadreyev RI, Naxerova K, Mitchell RN, Brown D, Libby P, Weissleder R, Swirski FK, Kohl P, Vinegoni C, Milan DJ, Ellinor PT, Nahrendorf M.",Cell,152,2017,Hulsmans M
131,27270107,Clonal evolution of glioblastoma under therapy.,"Wang J, Cazzato E, Ladewig E, Frattini V, Rosenbloom DI, Zairis S, Abate F, Liu Z, Elliott O, Shin YJ, Lee JK, Lee IH, Park WY, Eoli M, Blumberg AJ, Lasorella A, Nam DH, Finocchiaro G, Iavarone A, Rabadan R.",Nat Genet,152,2016,Wang J
132,25100528,"Lung regeneration: mechanisms, applications and emerging stem cell populations.","Kotton DN, Morrisey EE.",Nat Med,152,2014,Kotton DN
